{
    "CALIB_HX711A_AX":-0.00022828,
    "CALIB_HX711A_B":2.87313,
    "CALIB_HX711B_AX":-0.00042649,
    "CALIB_HX711B_B":2100.6,
    "CALIB_DISP_AX":31.15,
    "CALIB_DISP_B":0
}